{
  "vertebrae": {
    "ball-socket-top": [0.0, 0.0, -10.097887],
    "ball-socket-bottom": [0.000000, 0.0, 14.00000]
  }
}